"Project","Sample_ID","Description","Barcode_sequence","PF_Clusters","Percent_of_thelane","Percent_Perfectbarcode","Percent_One_mismatchbarcode","Yield_Mbases","Percent_PFClusters","Percent_GTorEQ2_Q30bases","Mean_QualityScore"
"3799-JM","Sample_3799-JM-1","A1","ACTCACCG+TAGTCGGA",4324452,0.04,100,NA,1306,100,91.4875,35.5175
"3799-JM","Sample_3799-JM-10","B2","CAGAAGAA+TAGTCGGA",2692381,0.02,100,NA,813,100,91.4425,35.5125
"3799-JM","Sample_3799-JM-11","C2","CAGGAAGG+TAGTCGGA",1961352,0.02,100,NA,591,100,91.485,35.52
"3799-JM","Sample_3799-JM-12","D2","CGTCTGAA+TAGTCGGA",2404340,0.02,100,NA,726,100,91.38,35.5025
"3799-JM","Sample_3799-JM-13","E2","ACTCGAAT+TAGTCGGA",4275826,0.04,100,NA,1291,100,91.6575,35.56
"3799-JM","Sample_3799-JM-14","F2","GTACCAGC+TAGTCGGA",5130901,0.05,100,NA,1549,100,91.2725,35.4825
"3799-JM","Sample_3799-JM-15","G2","ACTTCAAC+TAGTCGGA",4661339,0.04,100,NA,1409,100,91.4975,35.5275
"3799-JM","Sample_3799-JM-16","H2","CCTGTTAC+TAGTCGGA",2404786,0.02,100,NA,726,100,92.005,35.6125
"3799-JM","Sample_3799-JM-17","A3","GTTGACAG+TAGTCGGA",945856,0.01,100,NA,286,100,91.3475,35.47
"3799-JM","Sample_3799-JM-18","B3","AATGTGCC+TAGTCGGA",5270098,0.05,100,NA,1591,100,91.385,35.5
"3799-JM","Sample_3799-JM-19","C3","AAGTACCT+TAGTCGGA",4866363,0.04,100,NA,1470,100,91.43,35.515
"3799-JM","Sample_3799-JM-2","B1","CCTTATGT+TAGTCGGA",216363,0,100,NA,66,100,90.755,35.335
"3799-JM","Sample_3799-JM-20","D3","CGACTAGC+TAGTCGGA",3018030,0.03,100,NA,912,100,91.47,35.5225
"3799-JM","Sample_3799-JM-21","E3","GTTAAGCA+TAGTCGGA",5463549,0.05,100,NA,1650,100,91.28,35.4825
"3799-JM","Sample_3799-JM-22","F3","AACCAATC+TAGTCGGA",4797149,0.04,100,NA,1450,100,91.5075,35.5325
"3799-JM","Sample_3799-JM-23","G3","TCTATTGG+TAGTCGGA",5615778,0.05,100,NA,1696,100,91.7925,35.585
"3799-JM","Sample_3799-JM-24","H3","TGAATGTG+TAGTCGGA",3635889,0.03,100,NA,1098,100,91.6525,35.545
"3799-JM","Sample_3799-JM-25","A4","CCATTGCG+TAGTCGGA",746229,0.01,100,NA,225,100,90.51,35.2775
"3799-JM","Sample_3799-JM-26","B4","TTCACACT+TAGTCGGA",2069696,0.02,100,NA,626,100,91.295,35.4775
"3799-JM","Sample_3799-JM-27","C4","ATGGTCCG+TAGTCGGA",560686,0.01,100,NA,169,100,90.4,35.27
"3799-JM","Sample_3799-JM-28","D4","TCCTATCT+TAGTCGGA",367875,0,100,NA,110,100,90.8375,35.3625
"3799-JM","Sample_3799-JM-29","E4","CACATGGT+TAGTCGGA",159772,0,100,NA,48,100,89.3825,35.0425
"3799-JM","Sample_3799-JM-3","C1","ATAGATCC+TAGTCGGA",5132311,0.05,100,NA,1551,100,91.81,35.59
"3799-JM","Sample_3799-JM-30","F4","GGTGTGAC+TAGTCGGA",224407,0,100,NA,68,100,89.49,35.0875
"3799-JM","Sample_3799-JM-31","G4","CCACAATG+TAGTCGGA",1800147,0.02,100,NA,543,100,91.335,35.49
"3799-JM","Sample_3799-JM-32","H4","TCAGATAC+TAGTCGGA",979236,0.01,100,NA,296,100,91.615,35.5125
"3799-JM","Sample_3799-JM-33","A5","TACAGAGT+TAGTCGGA",663038,0.01,100,NA,201,100,90.4025,35.2275
"3799-JM","Sample_3799-JM-34","B5","CTTGTTGG+TAGTCGGA",114861,0,100,NA,36,100,88.88,34.9
"3799-JM","Sample_3799-JM-35","C5","TGTAAGAC+TAGTCGGA",1935492,0.02,100,NA,585,100,91.415,35.5075
"3799-JM","Sample_3799-JM-36","D5","CTGGTCGT+TAGTCGGA",470802,0,100,NA,142,100,90.7875,35.355
"3799-JM","Sample_3799-JM-37","E5","CTCGTACA+TAGTCGGA",1820263,0.02,100,NA,549,100,91.165,35.45
"3799-JM","Sample_3799-JM-38","F5","CGTAATTC+TAGTCGGA",431602,0,100,NA,130,100,90.8225,35.3675
"3799-JM","Sample_3799-JM-39","G5","ATTCGCAG+TAGTCGGA",312039,0,100,NA,94,100,90.545,35.3075
"3799-JM","Sample_3799-JM-4","D1","GGAGCTAT+TAGTCGGA",1485414,0.01,100,NA,449,100,91.305,35.4925
"3799-JM","Sample_3799-JM-40","H5","ACCTGAGC+TAGTCGGA",508554,0,100,NA,154,100,90.9025,35.375
"3799-JM","Sample_3799-JM-41","A6","GTTCGTCT+TAGTCGGA",289392,0,100,NA,86,100,89.02,34.905
"3799-JM","Sample_3799-JM-42","B6","CCAGGTAA+TAGTCGGA",669474,0.01,100,NA,203,100,90.6825,35.325
"3799-JM","Sample_3799-JM-43","C6","CACAGTCT+TAGTCGGA",165592,0,100,NA,50,100,89.4125,35.0375
"3799-JM","Sample_3799-JM-44","D6","TGGTACAG+TAGTCGGA",1050896,0.01,100,NA,317,100,91.32,35.4725
"3799-JM","Sample_3799-JM-45","E6","AACGCTTG+TAGTCGGA",1921727,0.02,100,NA,580,100,91.5325,35.52
"3799-JM","Sample_3799-JM-46","F6","ATTCCGTA+TAGTCGGA",550616,0.005,100,NA,166,100,90.5575,35.3075
"3799-JM","Sample_3799-JM-47","G6","CGCTCTTG+TAGTCGGA",1155105,0.01,100,NA,349,100,91.73,35.5575
"3799-JM","Sample_3799-JM-48","H6","TGAACTCT+TAGTCGGA",106560,0,100,NA,32,100,89.175,34.9225
"3799-JM","Sample_3799-JM-49","A7","ACGAAGCG+TAGTCGGA",193582,0,100,NA,58,100,87.8825,34.64
"3799-JM","Sample_3799-JM-5","E1","TGGTGACT+TAGTCGGA",4542210,0.04,100,NA,1371,100,91.3925,35.505
"3799-JM","Sample_3799-JM-50","B7","CTCTCAGG+TAGTCGGA",2788433,0.03,100,NA,843,100,91.1325,35.4475
"3799-JM","Sample_3799-JM-51","C7","CACCGCAA+TAGTCGGA",153459,0,100,NA,46,100,90.44,35.2575
"3799-JM","Sample_3799-JM-52","D7","TGCTCCGT+TAGTCGGA",3729872,0.03,100,NA,1126,100,91.65,35.55
"3799-JM","Sample_3799-JM-53","E7","CGAGCATT+TAGTCGGA",262491,0,100,NA,78,100,90.8625,35.3575
"3799-JM","Sample_3799-JM-54","F7","ACCGTTCC+TAGTCGGA",4073105,0.04,100,NA,1230,100,91.725,35.575
"3799-JM","Sample_3799-JM-55","G7","TCAAGGAT+TAGTCGGA",329134,0,100,NA,99,100,89.9475,35.14
"3799-JM","Sample_3799-JM-56","H7","CAAGTGAC+TAGTCGGA",950572,0.01,100,NA,288,100,89.535,35.025
"3799-JM","Sample_3799-JM-57","A8","CAGAGTGG+TAGTCGGA",5040089,0.05,100,NA,1522,100,91.54,35.52
"3799-JM","Sample_3799-JM-58","B8","TTGGCTGC+TAGTCGGA",1718910,0.02,100,NA,520,100,91.42,35.5
"3799-JM","Sample_3799-JM-59","C8","GATGAGAA+TAGTCGGA",5589678,0.05,100,NA,1687,100,91.455,35.5175
"3799-JM","Sample_3799-JM-6","F1","CCGAGTTA+TAGTCGGA",5587914,0.05,100,NA,1688,100,91.7675,35.58
"3799-JM","Sample_3799-JM-60","D8","ATGACACC+TAGTCGGA",2671960,0.02,100,NA,807,100,91.3775,35.4975
"3799-JM","Sample_3799-JM-61","E8","TGTTGCAC+TAGTCGGA",1401590,0.01,100,NA,423,100,91.18,35.465
"3799-JM","Sample_3799-JM-62","F8","ATTCTCCA+TAGTCGGA",5310375,0.05,100,NA,1604,100,91.4275,35.5075
"3799-JM","Sample_3799-JM-63","G8","CGCAACAG+TAGTCGGA",2933339,0.03,100,NA,886,100,91.3975,35.505
"3799-JM","Sample_3799-JM-64","H8","CTTCTGGC+TAGTCGGA",256782,0,100,NA,78,100,88.83,34.8625
"3799-JM","Sample_3799-JM-65","A9","ATGGAACA+TAGTCGGA",856388,0.01,100,NA,258,100,91.115,35.42
"3799-JM","Sample_3799-JM-66","B9","CTAACAAC+TAGTCGGA",1691573,0.02,100,NA,511,100,91.4425,35.5075
"3799-JM","Sample_3799-JM-67","C9","CCATACTC+TAGTCGGA",2625867,0.02,100,NA,794,100,91.6425,35.5525
"3799-JM","Sample_3799-JM-68","D9","TCCTTGGC+TAGTCGGA",3897104,0.0375,100,NA,1177,100,91.4075,35.5125
"3799-JM","Sample_3799-JM-69","E9","TCACTCAC+TAGTCGGA",2420912,0.02,100,NA,731,100,91.54,35.5325
"3799-JM","Sample_3799-JM-7","G1","TGGTGGAA+TAGTCGGA",1339740,0.01,100,NA,404,100,91.44,35.51
"3799-JM","Sample_3799-JM-70","F9","CAGGCTTC+TAGTCGGA",97859,0,100,NA,29,100,88.37,34.7725
"3799-JM","Sample_3799-JM-71","G9","CCTACACA+TAGTCGGA",3401552,0.03,100,NA,1028,100,90.445,35.3225
"3799-JM","Sample_3799-JM-72","H9","CGCGTGAT+TAGTCGGA",269078,0,100,NA,82,100,88.11,34.6625
"3799-JM","Sample_3799-JM-73","A10","CATCTTCT+TAGTCGGA",1534478,0.01,100,NA,464,100,91.685,35.52
"3799-JM","Sample_3799-JM-74","B10","ACATCCTT+TAGTCGGA",2567427,0.02,100,NA,775,100,91.6625,35.5475
"3799-JM","Sample_3799-JM-75","C10","ACACAACA+TAGTCGGA",6524898,0.06,100,NA,1970,100,91.3975,35.505
"3799-JM","Sample_3799-JM-76","D10","CAGGCCAT+TAGTCGGA",833308,0.01,100,NA,252,100,91.385,35.4925
"3799-JM","Sample_3799-JM-77","E10","CAACTCCG+TAGTCGGA",2844190,0.03,100,NA,858,100,91.51,35.525
"3799-JM","Sample_3799-JM-78","F10","ACCGACCA+TAGTCGGA",439882,0,100,NA,134,100,90.8975,35.3875
"3799-JM","Sample_3799-JM-79","G10","GTGCGAGT+TAGTCGGA",7422922,0.07,100,NA,2242,100,91.4525,35.5225
"3799-JM","Sample_3799-JM-8","H1","CTGTACGC+TAGTCGGA",4229903,0.04,100,NA,1278,100,91.5675,35.5375
"3799-JM","Sample_3799-JM-80","H10","ATGCCGCT+TAGTCGGA",1479827,0.01,100,NA,448,100,91.395,35.4675
"3799-JM","Sample_3799-JM-81","A11","TCCTCAGA+TAGTCGGA",1648216,0.015,100,NA,498,100,91.02,35.41
"3799-JM","Sample_3799-JM-82","B11","ACGCTGCA+TAGTCGGA",6462967,0.06,100,NA,1951,100,91.2975,35.4875
"3799-JM","Sample_3799-JM-83","C11","CGATGGCA+TAGTCGGA",3567842,0.03,100,NA,1078,100,91.24,35.475
"3799-JM","Sample_3799-JM-84","D11","CAACCGTG+TAGTCGGA",4645614,0.04,100,NA,1403,100,91.4775,35.53
"3799-JM","Sample_3799-JM-85","E11","TCAACTGA+TAGTCGGA",3892212,0.035,100,NA,1175,100,91.335,35.49
"3799-JM","Sample_3799-JM-86","F11","CAAGTAGT+TAGTCGGA",6689200,0.06,100,NA,2020,100,91.605,35.545
"3799-JM","Sample_3799-JM-87","G11","GTGTCCAT+TAGTCGGA",6107329,0.055,100,NA,1845,100,91.5925,35.545
"3799-JM","Sample_3799-JM-88","H11","CTAGCCGA+TAGTCGGA",3731593,0.03,100,NA,1127,100,91.415,35.49
"3799-JM","Sample_3799-JM-89","A12","TTCCATTC+TAGTCGGA",3688020,0.03,100,NA,1113,100,91.655,35.5575
"3799-JM","Sample_3799-JM-9","A2","GGCTCCTA+TAGTCGGA",169106,0,100,NA,50,100,90.2975,35.2225
"3799-JM","Sample_3799-JM-90","B12","CTAAGGCG+TAGTCGGA",4607442,0.04,100,NA,1392,100,91.39,35.5075
"3799-JM","Sample_3799-JM-91","C12","GTTATCGA+TAGTCGGA",3292799,0.03,100,NA,993,100,91.3875,35.495
"3799-JM","Sample_3799-JM-92","D12","TGGACAAC+TAGTCGGA",2895550,0.03,100,NA,875,100,91.525,35.535
"3799-JM","Sample_3799-JM-93","E12","CTATTCCA+TAGTCGGA",5517703,0.05,100,NA,1666,100,91.355,35.4925
"3799-JM","Sample_3799-JM-94","F12","CTGCGAAC+TAGTCGGA",5661416,0.05,100,NA,1709,100,91.65,35.56
"3799-JM","Sample_3799-JM-95","G12","GCCAGTGT+TAGTCGGA",5031793,0.05,100,NA,1520,100,91.615,35.555
"3799-JM","Sample_3799-JM-96","H12","GTGCGTTC+TAGTCGGA",358440,0,100,NA,109,100,91.0125,35.405
